{"stats":{"minecraft:custom":{"minecraft:interact_with_crafting_table":80,"minecraft:open_barrel":15,"minecraft:leave_game":23,"minecraft:time_since_death":4953,"minecraft:sprint_one_cm":1499563,"minecraft:damage_blocked_by_shield":7063,"minecraft:drop":226,"minecraft:play_time":1238160,"minecraft:deaths":103,"minecraft:jump":7104,"minecraft:walk_on_water_one_cm":125519,"minecraft:interact_with_furnace":52,"minecraft:play_record":3,"minecraft:sleep_in_bed":16,"minecraft:damage_dealt":24789,"minecraft:player_kills":16,"minecraft:crouch_one_cm":71017,"minecraft:interact_with_smoker":48,"minecraft:inspect_dispenser":2,"minecraft:interact_with_anvil":12,"minecraft:mob_kills":196,"minecraft:interact_with_campfire":8,"minecraft:climb_one_cm":20483,"minecraft:walk_one_cm":3457701,"minecraft:sneak_time":23505,"minecraft:walk_under_water_one_cm":95303,"minecraft:interact_with_blast_furnace":50,"minecraft:total_world_time":1238160,"minecraft:pot_flower":2,"minecraft:interact_with_stonecutter":4,"minecraft:time_since_rest":5803,"minecraft:damage_taken":36189,"minecraft:damage_absorbed":118,"minecraft:trigger_trapped_chest":2,"minecraft:swim_one_cm":34454,"minecraft:fly_one_cm":1636873,"minecraft:open_chest":306,"minecraft:fall_one_cm":432024},"minecraft:killed_by":{"minecraft:creeper":2,"minecraft:pillager":1,"minecraft:silverfish":1,"minecraft:zombie":22,"minecraft:player":38,"graveyard:ghoul":4,"minecraft:spider":4,"minecraft:enderman":5,"iceandfire:hydra":2,"minecraft:warden":4,"minecraft:skeleton":8,"iceandfire:ghost":2},"minecraft:crafted":{"minecraft:oak_planks":80,"minecraft:stone":34,"minecraft:cooked_mutton":53,"minecraft:glass":64,"minecraft:iron_boots":2,"minecraft:chest":2,"iceandfire:silver_axe":1,"travelersbackpack:coal":1,"minecraft:wooden_shovel":1,"minecraft:cooked_porkchop":38,"minecraft:crafting_table":3,"tacz:ammo_box":2,"minecraft:wooden_pickaxe":1,"travelersbackpack:standard":1,"minecraft:iron_helmet":1,"soulsweapons:kirkhammer":1,"minecraft:copper_ingot":122,"travelersbackpack:blue_sleeping_bag":1,"minecraft:birch_planks":44,"minecraft:iron_chestplate":1,"minecraft:shield":4,"minecraft:stick":48,"minecraft:iron_ingot":71,"minecraft:iron_pickaxe":1,"minecraft:iron_block":6,"minecraft:gold_ingot":142,"minecraft:oak_door":3,"minecraft:stone_shovel":2,"soulsweapons:guts_sword":1,"minecraft:furnace":2,"soulsweapons:holy_greatsword":1,"minecraft:spruce_stairs":4,"minecraft:stone_pickaxe":1,"minecraft:dark_oak_planks":12,"minecraft:wheat":9,"minecraft:cooked_beef":22,"travelersbackpack:backpack_tank":2,"iceandfire:tide_trident":1,"minecraft:iron_sword":1,"minecraft:air":0,"minecraft:blue_dye":2,"minecraft:wooden_axe":2,"minecraft:blue_wool":2,"minecraft:white_bed":1},"minecraft:picked_up":{"minecraft:iron_chestplate":2,"iceandfire:copper_sword":1,"minecraft:iron_trapdoor":2,"minecraft:sentry_armor_trim_smithing_template":1,"artifacts:bunny_hoppers":2,"minecraft:lead":1,"minecraft:bee_spawn_egg":1,"soulsweapons:moonstone":11,"minecraft:enchanted_book":1,"iceandfire:manuscript":22,"minecraft:string":16,"minecraft:waxed_cut_copper_slab":1,"iceandfire:dragonbone_pickaxe":1,"minecraft:raw_copper":282,"minecraft:iron_leggings":2,"minecraft:deepslate_tiles":19,"minecraft:gold_nugget":812,"minecraft:cobbled_deepslate":85,"bosses_of_mass_destruction:soul_star":1,"minecraft:spruce_planks":55,"minecraft:smooth_quartz":10,"minecraft:iron_boots":1,"minecraft:furnace":3,"minecraft:dark_oak_door":1,"minecraft:stick":34,"artifacts:universal_attractor":1,"iceandfire:ghost_chest":1,"iceandfire:armor_copper_metal_leggings":1,"minecraft:polished_deepslate_stairs":1,"minecraft:torch":8,"minecraft:spruce_stairs":4,"uncraftingtable76:uncraftingtable":1,"deeperdarker:heart_of_the_deep":2,"minecraft:porkchop":31,"tacz:attachment":2,"minecraft:honeycomb_block":4,"minecraft:pointed_dripstone":26,"minecraft:diorite":25,"minecraft:stone_sword":3,"minecraft:rotten_flesh":32,"iceandfire:fire_dragon_heart":1,"iammusicplayer:boombox":1,"soulsweapons:moonstone_pickaxe":1,"minecraft:cobblestone":575,"minecraft:birch_log":19,"minecraft:enchanting_table":1,"minecraft:pink_petals":5,"minecraft:magma_block":6,"minecraft:feather":8,"minecraft:cooked_beef":8,"minecraft:water_bucket":1,"minecraft:andesite":16,"minecraft:brown_wool":1,"minecraft:copper_block":236,"minecraft:smoker":3,"minecraft:potato":57,"minecraft:flint":4,"minecraft:tuff":9,"minecraft:dirt":459,"minecraft:lantern":9,"minecraft:zombie_villager_spawn_egg":1,"tacz:ammo_box":2,"minecraft:bone":32,"minecraft:stonecutter":2,"minecraft:wheat_seeds":25,"minecraft:raw_gold":8,"tacz:gun_smith_table":1,"minecraft:powered_rail":1,"minecraft:moss_block":2,"minecraft:oak_planks":1,"minecraft:cooked_porkchop":4,"minecraft:pig_spawn_egg":1,"minecraft:poisonous_potato":4,"minecraft:sand":117,"minecraft:skeleton_spawn_egg":2,"minecraft:diamond":6,"minecraft:soul_lantern":2,"minecraft:granite":45,"minecraft:golden_apple":4,"soulsweapons:verglas":6,"minecraft:spruce_sign":1,"minecraft:emerald":7,"minecraft:bread":7,"soulsweapons:guts_sword":2,"minecraft:oak_sapling":9,"iceandfire:raw_silver":3,"minecraft:diamond_pickaxe":3,"minecraft:charcoal":2,"minecraft:crafting_table":5,"minecraft:azure_bluet":6,"minecraft:chicken":5,"minecraft:chest_minecart":2,"iceandfire:fire_lily":1,"minecraft:stone_brick_wall":12,"minecraft:gold_block":2,"minecraft:shield":2,"minecraft:cornflower":1,"tacz:ammo":1590,"deeperdarker:warden_carapace":1,"minecraft:detector_rail":3,"minecraft:beef":33,"sawmill:sawmill":1,"fleshz:hide":17,"minecraft:poppy":15,"minecraft:light_gray_wool":3,"minecraft:spruce_slab":6,"minecraft:sugar_cane":67,"minecraft:chest":1,"minecraft:birch_sapling":9,"minecraft:egg":3,"minecraft:raw_iron":109,"iceandfire:dragonbone":64,"minecraft:stone":7,"minecraft:oak_door":1,"minecraft:copper_ingot":26,"minecraft:carrot":21,"minecraft:redstone":26,"minecraft:dark_oak_planks":6,"iceandfire:silver_ingot":1,"minecraft:arrow":28,"iceandfire:sea_serpent_scales_purple":3,"minecraft:beetroot_seeds":6,"minecraft:hay_block":1,"minecraft:saddle":1,"minecraft:gold_ingot":4,"artifacts:pocket_piston":1,"minecraft:glow_berries":7,"minecraft:mutton":71,"minecraft:rail":23,"minecraft:white_wool":52,"iceandfire:dreadwood_planks":1,"iceandfire:sea_serpent_fang":3,"minecraft:glow_ink_sac":3,"minecraft:leather":5,"minecraft:ochre_froglight":1,"minecraft:oak_log":11,"minecraft:chainmail_chestplate":1,"iceandfire:ectoplasm":12,"minecraft:gunpowder":22,"artifacts:cloud_in_a_bottle":1,"iceandfire:armor_copper_metal_helmet":1,"minecraft:cooked_mutton":9,"minecraft:stone_bricks":46,"minecraft:apple":1,"minecraft:gray_carpet":2,"minecraft:iron_ingot":28,"minecraft:cobweb":3,"artifacts:steadfast_spikes":1,"minecraft:glass_bottle":1,"minecraft:flowering_azalea":2,"minecraft:soul_sand":1,"minecraft:book":3,"minecraft:sculk_catalyst":1,"soulsweapons:holy_greatsword":1,"minecraft:dandelion":2,"minecraft:dripstone_block":1,"minecraft:gravel":46,"minecraft:spruce_sapling":34,"minecraft:blast_furnace":8,"minecraft:white_bed":5,"minecraft:spruce_log":103,"minecraft:spider_eye":4,"minecraft:oak_wood":2,"iceandfire:silver_pickaxe":1,"minecraft:pumpkin_seeds":14,"minecraft:purple_bed":2,"tacz:modern_kinetic_gun":10,"minecraft:honey_block":5,"minecraft:chainmail_leggings":1,"minecraft:iron_helmet":1,"minecraft:gray_wool":9,"minecraft:baked_potato":4,"minecraft:damaged_anvil":1,"minecraft:black_wool":1,"minecraft:coal":114,"minecraft:ender_pearl":2},"minecraft:broken":{"minecraft:iron_boots":2,"minecraft:iron_leggings":1,"minecraft:wooden_axe":1,"minecraft:wooden_pickaxe":1,"minecraft:shield":1,"minecraft:iron_helmet":2},"minecraft:dropped":{"minecraft:iron_sword":1,"iceandfire:raw_silver":3,"minecraft:moss_block":1,"minecraft:porkchop":2,"minecraft:cooked_beef":1,"minecraft:ender_pearl":1,"minecraft:diamond":6,"minecraft:cooked_porkchop":1,"minecraft:crossbow":1,"minecraft:lantern":1,"minecraft:leather":2,"minecraft:chest_minecart":1,"iceandfire:tide_trident":1,"iceandfire:ectoplasm":6,"artifacts:universal_attractor":1,"minecraft:rail":4,"minecraft:sentry_armor_trim_smithing_template":1,"minecraft:gold_block":2,"minecraft:flint":4,"minecraft:emerald":3,"minecraft:zombie_villager_spawn_egg":1,"minecraft:dirt":47,"minecraft:mutton":9,"minecraft:sand":4,"minecraft:dark_oak_planks":22,"minecraft:white_wool":24,"iceandfire:dragonbone_pickaxe":1,"minecraft:gold_ingot":119,"minecraft:gravel":25,"minecraft:oak_door":1,"minecraft:dark_oak_door":1,"minecraft:detector_rail":3,"minecraft:cobbled_deepslate":2,"minecraft:birch_sapling":9,"soulsweapons:moonstone":4,"minecraft:soul_lantern":1,"minecraft:pointed_dripstone":3,"fleshz:hide":5,"minecraft:rotten_flesh":28,"minecraft:oak_planks":1,"iceandfire:fire_lily":1,"iammusicplayer:boombox":1,"minecraft:cooked_mutton":6,"minecraft:azure_bluet":2,"minecraft:poppy":2,"minecraft:deepslate_tiles":2,"iceandfire:ghost_chest":1,"minecraft:gunpowder":69,"soulsweapons:verglas":4,"minecraft:beetroot_seeds":4,"soulsweapons:moonstone_pickaxe":1,"minecraft:spruce_slab":3,"minecraft:powered_rail":1,"minecraft:beef":7,"iceandfire:armor_copper_metal_leggings":1,"iceandfire:silver_pickaxe":2,"iceandfire:manuscript":11,"tacz:attachment":1,"minecraft:egg":2,"minecraft:iron_ingot":11,"minecraft:enchanted_book":1,"minecraft:water_bucket":1,"minecraft:golden_boots":1,"minecraft:wheat_seeds":13,"minecraft:copper_block":114,"minecraft:dripstone_block":1,"minecraft:poisonous_potato":4,"minecraft:iron_helmet":2,"minecraft:cobblestone":106,"minecraft:book":6,"minecraft:granite":36,"minecraft:copper_ingot":13,"minecraft:coal":4,"soulsweapons:holy_greatsword":2,"minecraft:cobweb":3,"tacz:ammo_box":1,"minecraft:gray_wool":4,"minecraft:diorite":23,"minecraft:iron_trapdoor":1,"minecraft:torch":1,"soulsweapons:guts_sword":1,"minecraft:smooth_quartz":5,"minecraft:iron_leggings":5,"tacz:modern_kinetic_gun":7,"minecraft:flowering_azalea":2,"minecraft:gray_carpet":2,"artifacts:bunny_hoppers":1,"minecraft:redstone":13,"minecraft:stone_sword":4,"minecraft:sticky_piston":3,"minecraft:tuff":2,"minecraft:raw_iron":9,"minecraft:stone_shovel":1,"minecraft:light_gray_wool":2,"minecraft:iron_boots":1,"iceandfire:armor_copper_metal_helmet":1,"minecraft:skeleton_spawn_egg":2,"minecraft:pumpkin_seeds":14,"minecraft:filled_map":1,"minecraft:stone":14,"minecraft:shield":4,"iceandfire:copper_sword":1,"minecraft:spruce_planks":65,"minecraft:iron_chestplate":4,"minecraft:diamond_pickaxe":1,"minecraft:andesite":3,"artifacts:steadfast_spikes":1,"minecraft:golden_leggings":1,"minecraft:wooden_shovel":1,"minecraft:spider_eye":2,"minecraft:stone_bricks":1,"tacz:ammo":60},"minecraft:mined":{"minecraft:dark_oak_planks":2,"minerally:deepslate_emerald_crystal_0":1,"minecraft:spruce_planks":22,"minecraft:white_bed":4,"iceandfire:graveyard_soil":1,"minerally:deepslate_emerald_crystal_1":1,"minecraft:granite":17,"minecraft:stone_brick_wall":12,"minecraft:grass_block":69,"tacz:gun_smith_table":1,"minecraft:spawner":3,"minecraft:magma_block":8,"minecraft:iron_ore":78,"minecraft:cobbled_deepslate":2,"minecraft:azure_bluet":4,"minecraft:enchanting_table":1,"minecraft:pointed_dripstone":9,"iceandfire:dreadwood_planks":1,"minecraft:light_gray_concrete":2,"soulsweapons:verglas_ore_deepslate":2,"minecraft:polished_deepslate_stairs":1,"minecraft:smoker":3,"minecraft:soul_lantern":2,"minecraft:blast_furnace":4,"minecraft:calcite":2,"minecraft:poppy":1,"minecraft:chest":1,"minerally:deepslate_emerald_crystal":1,"minecraft:nether_brick_slab":4,"iceandfire:fire_lily":1,"minecraft:honeycomb_block":4,"minecraft:cobblestone":9,"minecraft:damaged_anvil":1,"minecraft:sugar_cane":22,"minecraft:wall_torch":1,"minecraft:dark_oak_slab":2,"minecraft:birch_log":19,"minecraft:stone_brick_stairs":1,"minecraft:smooth_stone_slab":3,"minecraft:grass":82,"minecraft:oak_log":11,"minecraft:dirt":52,"minecraft:smooth_quartz":3,"minecraft:sand":116,"minecraft:sandstone_wall":1,"minecraft:stonecutter":2,"minecraft:netherrack":8,"minecraft:oak_leaves":3,"minecraft:deepslate":26,"minecraft:tuff":9,"iceandfire:silver_ore":1,"minecraft:deepslate_diamond_ore":7,"minecraft:glow_lichen":2,"sawmill:sawmill":1,"uncraftingtable76:uncraftingtable":1,"minecraft:redstone_wire":1,"connectedglass:clear_glass_pane":15,"minecraft:soul_campfire":1,"minecraft:moss_block":1,"minecraft:large_fern":4,"minecraft:hay_block":1,"minecraft:furnace":3,"minecraft:carrots":9,"minecraft:andesite":5,"minecraft:gold_block":2,"minecraft:polished_deepslate":1,"soulsweapons:moonstone_ore_deepslate":5,"minecraft:bookshelf":1,"minecraft:potatoes":19,"minecraft:deepslate_iron_ore":17,"minecraft:vine":1,"minecraft:stone":342,"minecraft:white_wool":4,"minecraft:flowering_azalea":1,"minecraft:soul_sand":1,"minecraft:dandelion":3,"minecraft:crafting_table":5,"minecraft:cornflower":1,"minecraft:honey_block":6,"minecraft:emerald_ore":1,"minecraft:oak_wood":1,"minecraft:campfire":1,"minecraft:copper_ore":20,"minecraft:tall_grass":25,"minecraft:deepslate_gold_ore":3,"minecraft:diorite":6,"minecraft:spruce_stairs":3,"minecraft:purple_bed":4,"minecraft:birch_leaves":6,"minecraft:spruce_log":109,"minecraft:coal_ore":16,"minecraft:ochre_froglight":1,"minecraft:gravel":9,"graveyard:leaning_skeleton":1,"minecraft:dripstone_block":3,"minecraft:gray_carpet":1,"minecraft:gold_ore":1,"minecraft:iron_trapdoor":1},"minecraft:killed":{"minecraft:cave_spider":1,"iceandfire:hippogryph":2,"minecraft:spider":12,"minecraft:skeleton":28,"minecraft:chicken":5,"minecraft:pig":21,"minecraft:zombie_villager":1,"minecraft:salmon":1,"minecraft:creeper":8,"minecraft:sheep":43,"minecraft:pillager":8,"minecraft:goat":2,"minecraft:zombie":25,"minecraft:glow_squid":1,"iceandfire:sea_serpent":1,"minecraft:cow":16,"minecraft:phantom":5,"minecraft:warden":1,"graveyard:ghoul":1,"minecraft:player":13,"minecraft:enderman":4},"minecraft:used":{"minecraft:peony":4,"graveyard:creeper_skeleton":3,"graveyard:lying_wither_skeleton":4,"minecraft:chest":2,"minecraft:shield":142,"minecraft:stone":21,"minecraft:iron_sword":124,"minecraft:soul_campfire":5,"minecraft:soul_sand":1,"minecraft:carrot":31,"minecraft:tuff":7,"minecraft:azure_bluet":1,"iceandfire:dread_torch":4,"minecraft:honey_block":5,"minecraft:grass_block":1447,"minecraft:lantern":33,"minecraft:dark_oak_slab":2,"minecraft:stone_bricks":73,"graveyard:laterally_lying_wither_skeleton":2,"minecraft:magma_block":2,"minecraft:furnace":5,"iceandfire:dreadwood_log":82,"iceandfire:dreadwood_planks":164,"deeperdarker:bloom_hanging_sign":2,"minecraft:potato":10,"minecraft:deepslate_brick_wall":43,"minecraft:chiseled_polished_blackstone":3,"minecraft:damaged_anvil":1,"minecraft:torchflower":6,"minecraft:stone_pickaxe":72,"minecraft:wooden_pickaxe":54,"iceandfire:dread_stone_bricks":3,"graveyard:skeleton_hand":1,"minecraft:golden_apple":4,"minecraft:white_wool":4,"minecraft:dark_oak_trapdoor":1,"minecraft:sand":8,"minecraft:blast_furnace":8,"minecraft:crossbow":26,"minecraft:stone_brick_wall":12,"iceandfire:silver_axe":46,"minecraft:deepslate_brick_stairs":92,"graveyard:hanged_skeleton":5,"minecraft:deepslate_tiles":731,"iceandfire:silver_pickaxe":421,"iceandfire:dragonbone_sword":4,"minecraft:dark_oak_log":2,"minecraft:bread":2,"minecraft:spore_blossom":71,"graveyard:wither_skeleton_hand":3,"graveyard:leaning_wither_skeleton":1,"minecraft:andesite":8,"yigd:grave":4,"minecraft:experience_bottle":9,"minecraft:oak_trapdoor":1,"minecraft:rose_bush":5,"minecraft:stone_sword":78,"minecraft:enchanting_table":1,"minecraft:flint_and_steel":8,"minecraft:stone_shovel":122,"tacz:gun_smith_table":1,"minecraft:spruce_planks":251,"minecraft:wooden_shovel":8,"minecraft:oak_door":1,"minecraft:bee_spawn_egg":1,"minecraft:torch":45,"minecraft:dirt":489,"minecraft:spruce_stairs":5,"minecraft:oak_wood":1,"minecraft:granite":9,"minecraft:wooden_axe":84,"soulsweapons:kirkhammer":70,"handcrafted:dark_oak_dining_bench":6,"soulsweapons:guts_sword":222,"minecraft:iron_boots":1,"minecraft:pitcher_plant":1,"the_bumblezone:super_candle_black":1,"eldritch_end:corrupted_etyr_slab":63,"minecraft:cooked_beef":20,"minecraft:cobbled_deepslate":2,"minecraft:iron_leggings":58,"minecraft:cooked_mutton":30,"minecraft:water_bucket":251,"minecraft:pink_tulip":5,"minecraft:baked_potato":4,"the_bumblezone:super_candle_red":1,"travelersbackpack:coal":1,"minecraft:stonecutter":1,"connectedglass:clear_glass":169,"minecraft:mangrove_trapdoor":5,"minecraft:tnt":12,"minecraft:crafting_table":7,"graveyard:soul_fire_brazier":5,"minecraft:white_bed":4,"minecraft:dark_oak_door":2,"minecraft:smoker":3,"minecraft:flower_pot":3,"minecraft:diamond_pickaxe":98,"minecraft:black_wool":1,"soulsweapons:holy_greatsword":166,"minecraft:iron_pickaxe":30,"sawmill:sawmill":1,"minecraft:pig_spawn_egg":1,"minecraft:spruce_sapling":4,"minecraft:pink_petals":544,"minecraft:cobblestone":59,"minecraft:purple_bed":2,"travelersbackpack:standard":2,"minecraft:cooked_porkchop":37,"minecraft:gray_wool":1,"uncraftingtable76:uncraftingtable":1}},"DataVersion":3465}