{"stats":{"minecraft:custom":{"minecraft:interact_with_crafting_table":45,"minecraft:open_barrel":9,"minecraft:leave_game":13,"minecraft:time_since_death":8703,"minecraft:sprint_one_cm":1190011,"minecraft:damage_blocked_by_shield":366,"minecraft:drop":149,"minecraft:play_time":431969,"minecraft:deaths":84,"minecraft:jump":4522,"minecraft:walk_on_water_one_cm":41238,"minecraft:interact_with_furnace":121,"minecraft:sleep_in_bed":11,"minecraft:damage_dealt":17299,"minecraft:player_kills":31,"minecraft:crouch_one_cm":12331,"minecraft:interact_with_smoker":8,"minecraft:inspect_dispenser":2,"minecraft:mob_kills":125,"minecraft:interact_with_anvil":6,"minecraft:climb_one_cm":12811,"minecraft:walk_one_cm":1643867,"minecraft:sneak_time":6460,"minecraft:walk_under_water_one_cm":62937,"minecraft:interact_with_blast_furnace":24,"minecraft:total_world_time":431969,"minecraft:time_since_rest":8961,"minecraft:damage_taken":30232,"minecraft:damage_absorbed":81,"minecraft:swim_one_cm":5230,"minecraft:fly_one_cm":848530,"minecraft:open_chest":175,"minecraft:fall_one_cm":161047},"minecraft:killed_by":{"minecraft:zombie_villager":1,"minecraft:creeper":2,"minecraft:pillager":1,"minecraft:ravager":1,"minecraft:zoglin":1,"graveyard:skeleton_creeper":1,"iceandfire:sea_serpent":1,"minecraft:vindicator":2,"minecraft:zombie":10,"minecraft:player":35,"minecraft:spider":4,"minecraft:enderman":3,"iceandfire:hydra":7,"minecraft:warden":3,"minecraft:skeleton":3,"minecraft:phantom":1},"minecraft:crafted":{"minecraft:oak_planks":4,"minecraft:cooked_chicken":9,"minecraft:stone":45,"minecraft:cooked_mutton":20,"iceandfire:armor_copper_metal_boots":1,"minecraft:glass":109,"minecraft:diamond_leggings":1,"minecraft:iron_boots":1,"soulsweapons:moonstone_axe":1,"iceandfire:armor_copper_metal_chestplate":1,"iceandfire:copper_pickaxe":1,"soulsweapons:bluemoon_greatsword":1,"minecraft:cooked_porkchop":4,"minecraft:crafting_table":6,"minecraft:wooden_pickaxe":2,"minecraft:iron_helmet":1,"soulsweapons:kirkhammer":1,"minecraft:copper_ingot":140,"minecraft:diamond_pickaxe":1,"minecraft:shield":1,"minecraft:stick":32,"minecraft:iron_ingot":64,"minecraft:stone_sword":1,"minecraft:stone_shovel":1,"minecraft:iron_nugget":45,"minecraft:furnace":6,"iceandfire:armor_copper_metal_leggings":1,"iceandfire:armor_copper_metal_helmet":1,"minecraft:stone_pickaxe":3,"soulsweapons:moonstone_pickaxe":1,"minecraft:cooked_beef":33,"iceandfire:silver_ingot":5,"minecraft:iron_sword":2,"minecraft:stone_axe":1,"minecraft:air":0,"minecraft:white_bed":1,"minecraft:torch":28,"iceandfire:silver_pickaxe":1,"minecraft:diamond_chestplate":1},"minecraft:picked_up":{"minecraft:birch_door":1,"minecraft:iron_chestplate":1,"artifacts:bunny_hoppers":1,"minecraft:lead":3,"soulsweapons:moonstone":24,"magicmirror:magic_mirror":1,"minecraft:stone_brick_stairs":1,"minecraft:string":60,"minecraft:waxed_cut_copper_slab":1,"minecraft:raw_copper":176,"minecraft:smooth_stone_slab":12,"minecraft:red_nether_bricks":1,"minecraft:iron_leggings":1,"minecraft:beetroot":5,"minecraft:cobbled_deepslate":131,"minecraft:spruce_planks":37,"minecraft:smooth_quartz":8,"minecraft:iron_boots":2,"minecraft:stick":17,"minecraft:torch":15,"minecraft:porkchop":10,"minecraft:sandstone_wall":1,"minecraft:golden_axe":1,"minecraft:diorite":17,"minecraft:stone_sword":3,"minecraft:rotten_flesh":14,"minecraft:cow_spawn_egg":1,"soulsweapons:moonstone_pickaxe":1,"minecraft:cobblestone":1182,"minecraft:feather":11,"minecraft:andesite":10,"minecraft:golden_leggings":2,"minecraft:chiseled_quartz_block":5,"minecraft:tuff":7,"minecraft:lapis_lazuli":134,"minecraft:dirt":93,"minecraft:bone":22,"minecraft:bow":1,"minecraft:wheat_seeds":19,"minecraft:raw_gold":52,"minecraft:mossy_stone_bricks":1,"minecraft:oak_planks":4,"minecraft:sheep_spawn_egg":1,"iceandfire:dragon_skull_fire":1,"minecraft:jungle_planks":5,"minecraft:sand":131,"minecraft:grass_block":1,"minecraft:mossy_cobblestone":1,"minecraft:red_terracotta":1,"minecraft:skeleton_spawn_egg":5,"minecraft:light_gray_concrete":11,"minecraft:diamond":28,"minecraft:crossbow":1,"minecraft:granite":3,"minecraft:golden_apple":2,"soulsweapons:verglas":1,"minecraft:emerald":6,"minecraft:bread":13,"iceandfire:tide_trident":1,"minecraft:oak_sapling":55,"iceandfire:raw_silver":7,"minecraft:crafting_table":1,"minecraft:azure_bluet":2,"minecraft:chicken":6,"minecraft:wooden_pickaxe":2,"minecraft:flint_and_steel":1,"tacz:ammo":984,"graveyard:corruption":1,"minecraft:beef":31,"fleshz:hide":12,"minecraft:poppy":2,"minecraft:spruce_slab":1,"minecraft:egg":4,"minecraft:dark_oak_sapling":1,"iceandfire:dragonbone":16,"minecraft:raw_iron":29,"minecraft:sandstone":260,"minecraft:stripped_mangrove_wood":1,"minecraft:oak_door":1,"minecraft:stone_button":3,"iceandfire:armor_copper_metal_boots":1,"minecraft:carrot":42,"minecraft:redstone":24,"minecraft:dark_oak_planks":26,"minecraft:arrow":34,"minecraft:glistering_melon_slice":6,"minecraft:mutton":35,"minecraft:rail":1,"minecraft:white_wool":19,"minecraft:glow_ink_sac":2,"minecraft:salmon":2,"minecraft:leather":3,"minecraft:birch_planks":1,"minecraft:oak_log":11,"minecraft:gunpowder":64,"artifacts:cloud_in_a_bottle":1,"minecraft:deepslate_tile_slab":1,"minecraft:cooked_mutton":6,"minecraft:apple":6,"minecraft:gray_carpet":3,"minecraft:glass_bottle":1,"minecraft:iron_sword":1,"minecraft:purple_concrete":5,"minecraft:pillager_spawn_egg":1,"soulsweapons:holy_greatsword":1,"minecraft:dandelion":2,"minecraft:gravel":16,"minecraft:blast_furnace":4,"minecraft:white_bed":1,"minecraft:spider_eye":1,"minecraft:oak_wood":35,"iceandfire:silver_pickaxe":1,"tacz:modern_kinetic_gun":3,"minecraft:iron_helmet":6,"minecraft:gray_wool":4,"minecraft:red_nether_brick_slab":5,"minecraft:coal":195,"minecraft:ender_pearl":2},"minecraft:broken":{"minecraft:iron_boots":1,"iceandfire:silver_pickaxe":2,"minecraft:stone_pickaxe":1,"minecraft:stone_shovel":1,"minecraft:iron_helmet":1},"minecraft:dropped":{"minecraft:iron_sword":2,"minecraft:birch_planks":1,"minecraft:porkchop":3,"minecraft:stripped_mangrove_wood":1,"minecraft:cooked_beef":11,"minecraft:oak_log":6,"minecraft:glow_ink_sac":2,"minecraft:glass_bottle":1,"minecraft:red_nether_brick_slab":4,"artifacts:cloud_in_a_bottle":1,"minecraft:leather":2,"minecraft:jungle_planks":5,"minecraft:rail":1,"minecraft:dirt":50,"iceandfire:armor_copper_metal_boots":2,"iceandfire:copper_pickaxe":1,"minecraft:glistering_melon_slice":6,"minecraft:dark_oak_planks":12,"minecraft:white_wool":6,"minecraft:bone":11,"minecraft:waxed_cut_copper_slab":1,"minecraft:gravel":16,"minecraft:pillager_spawn_egg":1,"minecraft:cobbled_deepslate":98,"minecraft:beetroot":5,"fleshz:hide":12,"minecraft:rotten_flesh":36,"minecraft:oak_planks":118,"minecraft:cooked_mutton":5,"minecraft:azure_bluet":2,"minecraft:carrot":1,"minecraft:poppy":2,"minecraft:birch_door":1,"minecraft:red_nether_bricks":1,"minecraft:arrow":1,"iceandfire:armor_copper_metal_leggings":1,"iceandfire:silver_pickaxe":1,"minecraft:egg":1,"minecraft:wheat_seeds":17,"minecraft:mossy_cobblestone":1,"minecraft:feather":9,"iceandfire:armor_copper_metal_chestplate":1,"minecraft:golden_axe":2,"minecraft:iron_helmet":4,"minecraft:cobblestone":352,"minecraft:lead":1,"minecraft:purple_concrete":5,"minecraft:apple":3,"minecraft:granite":3,"minecraft:copper_ingot":10,"minecraft:deepslate_tile_slab":1,"minecraft:coal":25,"minecraft:stick":15,"minecraft:gray_wool":3,"minecraft:diorite":17,"minecraft:string":52,"minecraft:gray_carpet":2,"artifacts:bunny_hoppers":1,"minecraft:dandelion":2,"minecraft:redstone":19,"minecraft:stone_sword":3,"minecraft:raw_copper":32,"minecraft:tuff":3,"minecraft:chicken":1,"minecraft:iron_boots":1,"minecraft:name_tag":1,"iceandfire:armor_copper_metal_helmet":1,"minecraft:skeleton_spawn_egg":3,"minecraft:red_terracotta":1,"minecraft:blast_furnace":4,"minecraft:spruce_planks":2,"minecraft:andesite":10,"minecraft:mossy_stone_bricks":1,"minecraft:golden_leggings":1,"minecraft:oak_sapling":54,"minecraft:spider_eye":1,"minecraft:cow_spawn_egg":1,"minecraft:bow":1,"minecraft:stone_pickaxe":2,"minecraft:wooden_pickaxe":4},"minecraft:mined":{"minecraft:dark_oak_planks":2,"minecraft:waxed_cut_copper_slab":1,"minerally:deepslate_emerald_crystal_0":1,"minecraft:spruce_planks":3,"minecraft:white_bed":2,"minerally:deepslate_emerald_crystal_1":1,"minecraft:granite":17,"minecraft:grass_block":32,"minecraft:spawner":2,"minecraft:iron_ore":20,"minecraft:cobbled_deepslate":9,"minecraft:fire":7,"minecraft:deepslate_lapis_ore":9,"minecraft:azure_bluet":3,"minecraft:light_gray_concrete":9,"minecraft:spruce_slab":1,"minecraft:deepslate_redstone_ore":1,"soulsweapons:verglas_ore_deepslate":2,"minecraft:deepslate_tile_slab":1,"minecraft:chiseled_quartz_block":6,"minecraft:clay":1,"minecraft:torch":5,"minecraft:blast_furnace":4,"minecraft:poppy":1,"minerally:deepslate_emerald_crystal":1,"minecraft:glass":1,"minecraft:cobblestone":12,"graveyard:skeleton_hand":1,"minecraft:oak_planks":3,"minecraft:wall_torch":8,"minecraft:stone_stairs":1,"minerally:deepslate_geode":1,"minecraft:dark_oak_slab":1,"minecraft:light_gray_stained_glass":1,"minecraft:stone_brick_stairs":1,"minecraft:smooth_stone_slab":4,"minecraft:grass":38,"minecraft:oak_log":9,"minecraft:sand":135,"minecraft:dirt":41,"minecraft:smooth_quartz":10,"minecraft:oak_leaves":35,"minecraft:deepslate":191,"minecraft:tuff":7,"iceandfire:silver_ore":7,"minecraft:dark_oak_leaves":4,"minecraft:deepslate_diamond_ore":6,"minecraft:stone_button":1,"minecraft:jungle_planks":5,"minecraft:redstone_wire":2,"connectedglass:clear_glass_pane":1,"minerally:deepslate_iron_pile_1":2,"minecraft:sandstone":276,"minerally:deepslate_lapis_pile_0":1,"minerally:deepslate_lapis_pile":1,"minecraft:redstone_ore":3,"minecraft:andesite":15,"minerally:deepslate_iron_pile":2,"minerally:deepslate_iron_pile_0":2,"soulsweapons:moonstone_ore_deepslate":23,"minecraft:deepslate_iron_ore":3,"minecraft:rail":1,"minecraft:stone":1299,"minecraft:glass_pane":1,"minecraft:stone_brick_slab":2,"minecraft:dandelion":1,"minecraft:crafting_table":1,"minecraft:emerald_ore":1,"minecraft:oak_wood":36,"minecraft:tall_grass":12,"minecraft:copper_ore":26,"minecraft:deepslate_gold_ore":25,"minerally:lapis_rock":1,"minecraft:diorite":17,"minecraft:red_terracotta":1,"minecraft:birch_planks":1,"minerally:gold_rock":1,"minecraft:purple_concrete":5,"minerally:emerald_rock":1,"minecraft:black_wool":1,"minecraft:coal_ore":195,"minecraft:gravel":4,"minecraft:cobweb":22,"minecraft:stone_bricks":1,"minecraft:mossy_stone_bricks":1,"minerally:deepslate_lapis_pile_1":1},"minecraft:killed":{"iceandfire:hippogryph":1,"minecraft:witch":1,"minecraft:spider":4,"minecraft:skeleton":18,"minecraft:chicken":5,"minecraft:cat":1,"minecraft:wolf":8,"minecraft:pig":7,"minecraft:salmon":2,"minecraft:creeper":4,"minecraft:sheep":19,"minecraft:trader_llama":2,"minecraft:pillager":5,"minecraft:zombie":21,"minecraft:ghast":2,"minecraft:cow":9,"minecraft:vindicator":2,"minecraft:zoglin":1,"minecraft:phantom":4,"graveyard:ghoul":3,"minecraft:wandering_trader":1,"minecraft:wither_skeleton":2,"minecraft:player":29,"minecraft:villager":1,"minecraft:enderman":1},"minecraft:used":{"iceandfire:tide_trident":2,"minecraft:shield":6,"minecraft:stone":39,"minecraft:iron_sword":238,"minecraft:rotten_flesh":1,"minecraft:skeleton_spawn_egg":2,"minecraft:carrot":11,"minecraft:tuff":4,"minecraft:glass":1,"minecraft:iron_helmet":2,"iceandfire:copper_pickaxe":2,"minecraft:bow":41,"minecraft:oak_sapling":1,"minecraft:furnace":6,"minecraft:egg":3,"minecraft:potato":4,"minecraft:dark_oak_sapling":1,"minecraft:stone_pickaxe":213,"minecraft:oak_planks":1,"minecraft:ender_pearl":1,"minecraft:wooden_pickaxe":37,"minecraft:white_wool":1,"minecraft:golden_apple":2,"soulsweapons:bluemoon_greatsword":11,"minecraft:sand":3,"minecraft:crossbow":17,"minecraft:chiseled_quartz_block":5,"iceandfire:silver_pickaxe":934,"iceandfire:armor_copper_metal_chestplate":1,"minecraft:bread":26,"minecraft:diamond_sword":18,"minecraft:stone_sword":153,"iceandfire:armor_copper_metal_leggings":1,"minecraft:stone_shovel":131,"minecraft:cooked_chicken":9,"minecraft:torch":41,"iceandfire:armor_copper_metal_boots":1,"minecraft:dirt":38,"minecraft:red_nether_brick_slab":1,"minecraft:chainmail_chestplate":1,"minecraft:oak_wood":1,"soulsweapons:kirkhammer":7,"minecraft:iron_boots":1,"minecraft:smooth_quartz":8,"iceandfire:armor_copper_metal_helmet":2,"minecraft:cooked_beef":29,"minecraft:cobbled_deepslate":33,"minecraft:golden_axe":2,"minecraft:cooked_mutton":18,"soulsweapons:moonstone_pickaxe":24,"minecraft:sheep_spawn_egg":1,"minecraft:salmon":2,"minecraft:crafting_table":7,"minecraft:white_bed":2,"minecraft:diamond_pickaxe":1051,"soulsweapons:holy_greatsword":121,"minecraft:apple":7,"minecraft:stone_axe":47,"minecraft:cobblestone":35,"travelersbackpack:standard":3,"minecraft:porkchop":1,"minecraft:cooked_porkchop":4,"minecraft:chainmail_leggings":1}},"DataVersion":3465}